{
  "Total" : {
    "transaction" : "Total",
    "sampleCount" : 10,
    "errorCount" : 0,
    "errorPct" : 0.0,
    "meanResTime" : 88.5,
    "medianResTime" : 62.5,
    "minResTime" : 24.0,
    "maxResTime" : 404.0,
    "pct1ResTime" : 374.0000000000001,
    "pct2ResTime" : 404.0,
    "pct3ResTime" : 404.0,
    "throughput" : 8.688097306689835,
    "receivedKBytesPerSec" : 58.211948848827106,
    "sentKBytesPerSec" : 1.1029811033883579
  },
  "GET Users" : {
    "transaction" : "GET Users",
    "sampleCount" : 10,
    "errorCount" : 0,
    "errorPct" : 0.0,
    "meanResTime" : 88.5,
    "medianResTime" : 62.5,
    "minResTime" : 24.0,
    "maxResTime" : 404.0,
    "pct1ResTime" : 374.0000000000001,
    "pct2ResTime" : 404.0,
    "pct3ResTime" : 404.0,
    "throughput" : 8.688097306689835,
    "receivedKBytesPerSec" : 58.211948848827106,
    "sentKBytesPerSec" : 1.1029811033883579
  }
}